Benutzername;Passwort;Email;Verbundprojekt
Brofessio;Brofessio1234;Brofessio@mail.com;Brofessio
4C4Learn;4C4Learn1234;4C4Learn@mail.com;4C4Learn
ABEKO;ABEKO1234;ABEKO@mail.com;ABEKO
Alfa Agrar;Alfa Agrar1234;Alfa Agrar@mail.com;Alfa Agrar
AlFaClu;AlFaClu1234;AlFaClu@mail.com;AlFaClu
ArKoH;ArKoH1234;ArKoH@mail.com;ArKoH
EngAGE;EngAGE1234;EngAGE@mail.com;EngAGE
EPO-KAD;EPO-KAD1234;EPO-KAD@mail.com;EPO-KAD
Facharzt plus;Facharzt plus1234;Facharzt plus@mail.com;Facharzt plus
In-K-Ha;In-K-Ha1234;In-K-Ha@mail.com;In-K-Ha
KM³;KM³1234;KM³@mail.com;KM³
PIKOMA;PIKOMA1234;PIKOMA@mail.com;PIKOMA
PM-Kompare;PM-Kompare1234;PM-Kompare@mail.com;PM-Kompare
Rakoon;Rakoon1234;Rakoon@mail.com;Rakoon
ReFo;ReFo1234;ReFo@mail.com;ReFo
StraKosphere;StraKosphere1234;StraKosphere@mail.com;StraKosphere
Zielkom;Zielkom1234;Zielkom@mail.com;Zielkom
StaySmart;StaySmart1234;StaySmart@mail.com;StaySmart
Webutatio;Webutatio1234;Webutatio@mail.com;Webutatio
REBEKO;REBEKO1234;REBEKO@mail.com;REBEKO
ChampNet;ChampNet1234;ChampNet@mail.com;ChampNet
Handel kompetent!;Handel kompetent!1234;Handel kompetent!@mail.com;Handel kompetent!
PROKOM 4.0;PROKOM 4.01234;PROKOM 4.0@mail.com;PROKOM 4.0
BePeSo;BePeSo1234;BePeSo@mail.com;BePeSo
AKiP;AKiP1234;AKiP@mail.com;AKiP
FLIP;FLIP1234;FLIP@mail.com;FLIP
LerndA;LerndA1234;LerndA@mail.com;LerndA
PLUG+LEARN;PLUG+LEARN1234;PLUG+LEARN@mail.com;PLUG+LEARN
Resilire;Resilire1234;Resilire@mail.com;Resilire
iLinno;iLinno1234;iLinno@mail.com;iLinno
Transdemo;Transdemo1234;Transdemo@mail.com;Transdemo
